Coord.,Distance,Num_brick_wall,Num_wood_wall,Num_glass_wall,Num_drywall,Num_column,P_rx (dBm),Comments
A-1,15.8113883,3,0,0,0,0,-86,
B-1,15,2,0,0,0,0,-82,
C-1,14.2126704,2,0,0,0,0,-79,
D-1,13.45362405,2,1,0,0,0,-79,
E-1,12.72792206,3,0,0,0,0,-88,
F-1,12.04159458,3,1,0,0,0,-76,
G-1,11.40175425,2,1,0,0,0,NP,
H-1,10.81665383,2,1,0,0,0,-79,
I-1,10.29563014,2,0,0,0,0,-84,
J-1,9.848857802,1,0,0,0,0,NP,
K-1,9.486832981,1,0,0,0,0,-70,
L-1,9.219544457,1,0,0,0,0,-61,
M-1,9.055385138,1,0,0,0,0,-64,
N-1,9,1,0,0,0,0,-61,
A-2,15.26433752,3,0,0,0,0,-96,
B-2,14.4222051,3,0,0,0,0,-86,
C-2,13.60147051,2,0,0,0,0,-105,
D-2,12.80624847,2,1,0,0,0,-81,
E-2,12.04159458,2,1,0,0,0,-86,
F-2,11.3137085,2,0,0,0,0,-72,
G-2,10.63014581,,,,,0,NP,
H-2,10,2,1,0,0,0,-78,
I-2,9.433981132,2,0,0,0,0,-81,
J-2,8.94427191,,,,,0,NP,
K-2,8.544003745,1,0,0,0,0,-60,
L-2,8.246211251,1,0,0,0,0,-66,
M-2,8.062257748,1,0,0,0,0,-63,
N-2,8,1,0,0,0,0,-57,
A-3,14.76482306,1,1,1,1,0,-86,
B-3,13.89244399,1,1,0,1,0,-82,
C-3,13.03840481,2,0,0,1,0,-87,
D-3,12.20655562,2,0,0,1,0,-84,
E-3,11.40175425,2,0,0,0,0,-79,
F-3,10.63014581,1,0,0,0,0,-76,
G-3,9.899494937,,,,,0,NP,
H-3,9.219544457,2,0,0,0,0,-85,
I-3,8.602325267,2,0,0,0,0,-79,
J-3,8.062257748,,,,,0,NP,
K-3,7.615773106,1,0,0,0,0,-65,
L-3,7.280109889,1,0,0,0,0,-62,
M-3,7.071067812,1,0,0,0,0,-59,
N-3,7,1,0,0,0,0,-61,
A-4,14.31782106,2,0,1,1,0,-80,
B-4,13.41640786,2,0,1,1,0,-87,
C-4,12.52996409,1,1,1,1,0,-90,
D-4,11.66190379,1,1,1,1,0,-88,
E-4,10.81665383,2,0,0,1,0,-85,
F-4,10,1,0,0,0,0,-75,
G-4,9.219544457,1,0,0,0,0,-71,
H-4,8.485281374,1,1,0,0,0,-71,
I-4,7.810249676,2,0,0,0,0,-87,
J-4,7.211102551,,,,,0,NP,
K-4,6.708203932,1,0,0,0,0,-59,
L-4,6.32455532,1,0,0,0,0,-61,
M-4,6.08276253,1,0,0,0,0,-68,
N-4,6,1,0,0,0,0,-65,
A-5,13.92838828,2,0,1,1,0,-89,
B-5,13,2,0,1,1,0,-87,
C-5,12.08304597,2,0,1,1,0,-77,
D-5,11.18033989,2,0,1,1,0,-88,
E-5,10.29563014,1,1,1,1,0,-86,
F-5,9.433981132,1,0,0,1,0,-73,
G-5,8.602325267,1,0,0,1,0,-72,
H-5,7.810249676,1,0,0,0,0,-69,
I-5,7.071067812,2,0,0,1,0,-76,
J-5,6.403124237,,,,,0,NP,
K-5,5.830951895,1,0,0,0,0,-70,
L-5,5.385164807,1,0,0,0,0,-62,
M-5,5.099019514,1,0,0,0,0,-62,
N-5,5,1,0,0,0,0,-62,
A-6,13.60147051,1,0,1,2,0,-86,
B-6,12.64911064,0,1,1,2,0,-83,
C-6,11.70469991,1,0,2,1,0,-80,
D-6,10.77032961,2,0,1,1,0,-79,
E-6,9.848857802,2,0,1,1,0,-82,
F-6,8.94427191,0,0,1,1,0,-73,
G-6,8.062257748,0,0,1,1,0,-74,
H-6,7.211102551,1,0,0,1,0,-77,
I-6,6.403124237,1,0,0,0,0,-71,
J-6,5.656854249,,,,,0,NP,
K-6,5,1,0,0,0,0,-60,
L-6,4.472135955,1,0,0,0,0,-64,
M-6,4.123105626,1,0,0,0,0,-63,
N-6,4,1,0,0,0,0,-57,
A-7,13.34166406,1,1,1,1,0,-96,
B-7,12.36931688,1,1,1,1,0,-95,
C-7,11.40175425,1,0,1,2,0,-88,
D-7,10.44030651,1,0,1,2,0,-91,
E-7,9.486832981,0,0,1,2,0,-87,
F-7,8.544003745,,,,,0,NP,
G-7,7.615773106,,,,,0,NP,
H-7,6.708203932,0,0,1,1,0,-70,
I-7,5.830951895,0,0,1,1,0,-69,
J-7,5,,,,,0,NP,
K-7,4.242640687,1,0,0,0,0,-71,
L-7,3.605551275,1,0,0,0,0,-69,
M-7,3.16227766,1,0,0,0,0,-61,
N-7,3,1,0,0,0,0,-57,
A-8,13.15294644,,,,,0,NP,
B-8,12.16552506,,,,,0,NP,
C-8,11.18033989,,,,,0,NP,
D-8,10.19803903,0,1,1,2,0,-67,
E-8,9.219544457,0,1,1,1,0,-63,
F-8,8.246211251,0,0,1,2,0,-70,
G-8,7.280109889,0,0,1,2,0,-70,
H-8,6.32455532,0,0,1,2,0,-63,
I-8,5.385164807,0,0,1,1,0,-58,
J-8,4.472135955,0,0,1,1,0,-60,
K-8,3.605551275,0,0,1,0,0,-66,
L-8,2.828427125,0,0,0,0,0,-51,
M-8,2.236067977,0,0,0,0,0,-43,
N-8,2,0,0,0,0,0,-53,
A-9,13.03840481,,,,,0,NP,
B-9,12.04159458,,,,,0,NP,
C-9,11.04536102,,,,,0,NP,
D-9,10.04987562,0,0,1,3,0,-88,
E-9,9.055385138,0,1,1,2,0,-79,
F-9,8.062257748,,,,,0,NP,
G-9,7.071067812,0,1,1,1,0,-65,
H-9,6.08276253,,,,,0,NP,
I-9,5.099019514,,,,,0,NP,
J-9,4.123105626,,,,,0,NP,
K-9,3.16227766,,,,,0,NP,
L-9,2.236067977,0,0,0,0,0,-50,
M-9,1.414213562,0,0,0,0,0,-44,
N-9,1,0,0,0,0,0,-42,
A-10,13,,,,,0,NP,
B-10,12,,,,,0,NP,
C-10,11,,,,,0,NP,
D-10,10,0,0,1,3,0,-85,
E-10,9,0,0,1,3,0,-80,
F-10,8,,,,,0,NP,
G-10,7,,,,,0,NP,
H-10,6,,,,,0,NP,
I-10,5,,,,,0,NP,
J-10,4,,,,,0,NP,
K-10,3,,,,,0,NP,
L-10,2,0,0,0,0,0,-43,
M-10,1,0,0,0,0,0,-43,
N-10,,,,,,,NP,
